ts,elapsed_s,target,queue_depth,queue_ratio,max_queue_size,workers,processed_completed,processed_failed,processing_count,processing_sum
1780593310.016,0.000,old,0.0,0.0,4.0,1.0,0.0,1.0,1.0,37.207783304009354
1780593310.528,0.513,old,0.0,0.0,4.0,1.0,0.0,1.0,1.0,37.207783304009354
1780593311.039,1.023,old,4.0,1.0,4.0,1.0,0.0,1.0,1.0,37.207783304009354
1780593311.549,1.534,old,4.0,1.0,4.0,1.0,0.0,1.0,1.0,37.207783304009354
1780593312.060,2.045,old,4.0,1.0,4.0,1.0,0.0,1.0,1.0,37.207783304009354
1780593312.571,2.556,old,4.0,1.0,4.0,1.0,0.0,1.0,1.0,37.207783304009354
1780593313.083,3.068,old,4.0,1.0,4.0,1.0,0.0,1.0,1.0,37.207783304009354
1780593313.594,3.579,old,4.0,1.0,4.0,1.0,0.0,1.0,1.0,37.207783304009354
1780593314.105,4.090,old,4.0,1.0,4.0,1.0,0.0,1.0,1.0,37.207783304009354
1780593314.616,4.601,old,4.0,1.0,4.0,1.0,0.0,1.0,1.0,37.207783304009354
